,A,B,C,D
2000-01-01,-0.23602198566904387,1.389637382339361,1.7803610498556774,1.2128172233840444
2000-01-02,-2.6545167843525204,1.1556294242008083,0.1156739345022777,0.14621992749195467
2000-01-03,-3.2420096762000408,0.931702323659563,0.8686425746989462,-0.10715078488645963
2000-01-04,-4.323073986917713,0.23607763518931912,-0.05800134614470853,1.955334550785265
2000-01-05,-4.413742442946014,-0.674420339224999,-0.26734457387275623,1.6293517671407916
2000-01-06,-3.6825528365304727,-0.9802482726885074,-0.8948748727826058,-0.14804227485563315
2000-01-07,-3.200404815713051,0.5289305913743948,1.6258160987895112,1.278753347908236
2000-01-08,-3.410844860300319,-2.1677003523550344,1.1270346935261357,1.71374619711923
2000-01-09,-2.455991112786172,-1.7052657196289487,2.2774313043977568,2.6196708415196985
2000-01-10,-1.4202076616027721,-2.453222250211951,3.730525564971739,2.7277820172513096
2000-01-11,-2.802628231117385,-3.660108813940983,2.058735049630668,2.3715536223139457
2000-01-12,-2.2361032560784806,-3.6827761788007685,2.1788456172281556,3.1967929817831657
2000-01-13,-1.4212349905171138,-5.8650214331341655,4.222586115985564,4.139781829267334
2000-01-14,-1.5739595169168958,-5.544660583840882,3.6699777260020956,4.49032294292446
2000-01-15,0.12028188390624917,-5.684390037775597,2.168035688103365,4.870360168183702
2000-01-16,0.20443256056126347,-4.259303384932675,2.9246275645010598,4.823723928357006
2000-01-17,-0.4308961906136888,-3.446515700937428,2.2647801578880196,6.390197310293225
2000-01-18,-0.32595530793802846,-4.208846372156313,0.8652803489959981,6.576051683723402
2000-01-19,0.9158879777349234,-6.542215435932294,0.6517649731187876,4.556450064650896
2000-01-20,-1.1998791468513708,-6.35897520523437,-0.42525699289919916,3.466772701112554
2000-01-21,0.5907460440740511,-6.518701599924152,-0.16053568217080816,2.3834041844621456
2000-01-22,1.0637601096147815,-8.018716458602261,0.29466117618850646,1.993503276082662
2000-01-23,2.3609865676062918,-5.588390604352327,0.829802557739084,0.9058172170244578
2000-01-24,2.1787259601366777,-5.459140097376091,0.6128084221187167,1.097940903101953
2000-01-25,2.198128055726305,-5.398588936204659,1.2689001329397045,1.3369100954453224
2000-01-26,2.0390852941311115,-4.117623390734074,3.2194922763068434,0.6138048324154822
2000-01-27,1.265630365238675,-4.439397477280512,2.9815067337513286,0.06463508367506676
2000-01-28,-0.26563693713329806,-3.997834666948078,2.9345416966860185,0.3792816891566565
2000-01-29,-0.9271972490587103,-3.576199731446404,2.8717298986120934,-0.43561704913000443
2000-01-30,-0.7613468149085862,-3.0809128212032486,3.559126387192967,1.0029664564443435
2000-01-31,-0.6297896397214611,-3.328080445742205,4.465634813996214,2.938054114637189
2000-02-01,-1.955895393354842,-2.813502229932073,5.338392218491116,3.1346503230097396
2000-02-02,-4.8232366773943,-1.7268261284496382,4.253756734320296,3.0276596408456813
2000-02-03,-4.847734222415079,-1.6453015310328443,3.600458519509509,2.4372030054516665
2000-02-04,-5.244326256356449,-1.984112535036034,3.9117463380130046,2.7612148268027297
2000-02-05,-5.1426177493290846,-3.183517313416979,4.498704429729407,2.8792843536117196
2000-02-06,-4.689133635008286,-5.2220041239110095,3.7705722236878145,2.157309928405808
2000-02-07,-5.6075984339905744,-3.869837518737177,3.662849979275816,1.960930207212372
2000-02-08,-6.460170017621511,-3.9585344877052733,4.638092795838562,2.52543309830447
2000-02-09,-3.994668192143154,-3.7218294519324884,4.39654112156543,1.2170236557256535
2000-02-10,-4.215111644428886,-2.4028507020255163,4.112996344537973,-1.0268841401327524
2000-02-11,-3.2581874586641852,-2.3588852774383913,4.46326791788035,-2.326627860505524
2000-02-12,-4.875151836002983,-2.055743363846309,4.042055811478559,-2.692789415639272
2000-02-13,-4.77768938436148,-2.9084042606994815,4.7392244875241865,-3.226777191722922
2000-02-14,-5.875922012722473,-3.1786170108575376,3.148050489262516,-3.4788944913031763
2000-02-15,-4.982478966169527,-4.191566771222922,3.3871918081330423,-3.5199847260424018
2000-02-16,-3.856687655592543,-4.394305262542921,2.9745964281406287,-2.647991793875052
2000-02-17,-2.6852143995163233,-4.208863720960911,0.6993868088454063,-3.885971047838669
2000-02-18,-3.6766830218293993,-3.841297157846937,0.2628635037894213,-3.470089416356728
2000-02-19,-4.0194017470574135,-4.572402056310409,0.0248138637477531,-4.508706586310161
2000-02-20,-4.783372408846071,-4.6424907226189775,0.14382144001071567,-4.927570035626058
2000-02-21,-2.7539596731775378,-4.689561301626139,0.1859091599936792,-6.422337819690478
2000-02-22,-3.8344968816170866,-3.5511760874658584,0.6832269313372281,-6.521771113060129
2000-02-23,-2.8955924146700642,-3.8743271227510996,2.232438877762741,-6.192316836505693
2000-02-24,-2.811246351152473,-6.629170817253819,1.4207113938387934,-5.75550962855588
2000-02-25,-3.721371530304703,-7.943624567959799,0.7641069577760858,-4.559258245919802
2000-02-26,-2.439740381642899,-7.98075121316132,0.16210412327294454,-4.014704707942683
2000-02-27,-2.8220559055503047,-7.3655252615713245,1.5005628596165177,-4.659400493727068
2000-02-28,-1.7043591204804382,-6.826515009098036,1.0884674510551378,-5.090860739477426
2000-02-29,-1.72287858379143,-5.236686606381363,-1.4866488957812702,-4.697163979518784
2000-03-01,-1.0924599434110558,-4.471523648625235,-1.1220043263889083,-5.069408142042359
2000-03-02,0.09059474177103,-4.169995801434004,-1.5245775547004354,-4.4982948343728335
2000-03-03,1.1722346195730957,-3.000684171217171,-1.7029748860428768,-3.5121176549061874
2000-03-04,0.4862643878512616,-4.289658507185346,-3.1481715058223383,-1.1299150892343532
2000-03-05,1.044368690094534,-4.488273373337782,-3.184679741111449,-1.6242199784753584
2000-03-06,2.251114472913093,-3.1129042399447755,-1.6643199123514356,-1.7930727012848766
2000-03-07,2.8703777043215633,-3.209783439914978,-4.194475564532395,-0.9017728217583217
2000-03-08,2.752443648302626,-3.4103514809949327,-4.22698221602013,-0.4784366844684204
2000-03-09,2.7003675529160587,-3.0889702295346995,-4.916463587256851,0.1823410196403728
2000-03-10,2.814871076581853,-2.94107008442215,-6.385476826360767,-1.0558241264033157
2000-03-11,4.95817753396407,-3.8788907826352137,-4.259956109958358,-1.6686469560069568
2000-03-12,3.532991555220968,-2.0436470165414575,-3.794755564409898,-0.48006623681111016
2000-03-13,2.4322556774004465,-2.8201643281757773,-4.36613251847932,-0.3322313657783579
2000-03-14,1.9400137189065165,-3.001819524418111,-4.039779320127987,-1.5139410590287397
2000-03-15,0.1920340815524071,-2.79052917786201,-3.591598591949084,-0.7185136893805685
2000-03-16,-0.6558026206370469,-4.82091280854403,-1.9033724599434023,0.5396154737165321
2000-03-17,0.5080452070705059,-7.259113478824853,-1.3863894806830919,0.41145251825172136
2000-03-18,-0.06985763598009154,-4.790064263726348,-0.18799981627810203,-2.3577647236141144
2000-03-19,-0.42525949076635133,-4.839595011344752,0.2516370882469708,-3.3962862410762655
2000-03-20,0.6917807964771088,-4.316630375810622,0.05697670524140705,-3.2429588218388603
2000-03-21,-0.8341872563249739,-4.922582538655622,0.1520454068838248,-2.5673220023930052
2000-03-22,-0.3273598323856426,-6.469096187216166,-0.5222011798152552,-3.153788937213091
2000-03-23,-0.5046657059656806,-6.808445602570184,-0.831723618918675,-3.592705379783785
2000-03-24,-1.3246218898930322,-8.801523672581407,-0.7049532221237352,-3.4915635997883543
2000-03-25,-0.07510405242271223,-7.295957215581565,-0.07103391136915493,-3.517048212228737
2000-03-26,-0.18730946704367168,-8.30624178874692,-0.010219383877017263,-3.1971700546802295
2000-03-27,1.1774544443240942,-7.174815049733593,-0.4979737321282952,-4.202499993105309
2000-03-28,2.1434778274952246,-7.728006128822261,-0.8464710903009819,-4.456929774964445
2000-03-29,1.2095223019272328,-7.973861363442589,-3.1241837637579253,-4.14707614110119
2000-03-30,2.1811640988423098,-9.1746884248493,-3.789483892979534,-3.880210105201062
2000-03-31,2.7317401972704474,-9.171976088598004,-5.689465781283116,-3.6930298899665166
2000-04-01,2.5987945594287867,-9.090716107827426,-6.720953260995221,-4.488442551116546
2000-04-02,2.79639624571002,-9.028445736662064,-5.167234705740779,-5.015294429617134
2000-04-03,3.0251757300104427,-10.695183755873195,-4.667269946094475,-5.3063710799626875
2000-04-04,1.9580200664129328,-11.657443779294635,-5.010421613887737,-4.864152355738608
2000-04-05,1.1532751591293513,-12.500716208715273,-5.0840158964306505,-3.0464680474228825
2000-04-06,1.5895568190190947,-12.605982900808481,-4.337961812248098,-3.7436523697504964
2000-04-07,1.649044674945684,-11.370466707245848,-5.268234476639353,-3.681882481572332
2000-04-08,1.9124678920645082,-12.67806961955998,-5.663237936616229,-5.646153810417242
2000-04-09,2.3467477932026073,-13.374302477125166,-5.807570077263043,-5.102827513123962
2000-04-10,3.34938818982532,-12.83930795383253,-7.107971216982104,-4.962527151816969
2000-04-11,5.057644130575777,-14.998932144447906,-7.194655361141557,-4.567912331926253
2000-04-12,3.606205482502104,-15.89390166731404,-6.0700313346814445,-5.483600393766169
2000-04-13,3.0303433547795566,-13.993604968661693,-8.293065244204787,-4.439237952398425
2000-04-14,4.122799202086892,-13.268858580942322,-9.131522641928203,-5.519271156001328
2000-04-15,4.748103503904918,-11.515320711326096,-9.94126301488566,-5.426500911739049
2000-04-16,3.784321502759557,-10.53529225539823,-10.28609232199369,-7.115538207665406
2000-04-17,3.5515881048012576,-11.103279313359131,-11.007204298286004,-8.097567401304069
2000-04-18,4.787636031778382,-10.943464808436431,-11.879227524973528,-8.69641085064596
2000-04-19,4.405209750134787,-12.099717484118788,-13.311097239543455,-9.172453450431654
2000-04-20,4.467043542430297,-11.241659980569878,-13.400724100140877,-10.095242419776906
2000-04-21,3.440341073209704,-13.078139417183179,-13.063171539864335,-10.315836077008191
2000-04-22,4.081256318000476,-12.881035740306313,-13.182084082965527,-10.1976192598911
2000-04-23,3.997957801644319,-13.105351179525424,-14.173791747136884,-12.970496209949843
2000-04-24,5.056463689693691,-13.289089544747235,-13.803614938315084,-12.07983872154956
2000-04-25,3.6195011666208283,-12.840996645378798,-12.941057546045814,-12.028535112515282
2000-04-26,2.879557607143712,-12.318835836416385,-13.795896419242265,-13.551275476142505
2000-04-27,2.8919256743200057,-12.231864676619006,-14.634952103082284,-12.942316773634136
2000-04-28,3.2993571160530637,-12.046176849537053,-14.94637153135956,-13.323127881187611
2000-04-29,3.395099700836115,-12.942549463866968,-14.751592043315368,-13.824848619945405
2000-04-30,4.0976389826339945,-13.308471022236846,-15.378053228447513,-13.662294354845871
2000-05-01,4.337006979640547,-13.105362730539046,-17.662804421710156,-13.594325525720373
2000-05-02,2.31360338369185,-10.913271955423786,-18.250778459224616,-13.35012330702361
2000-05-03,1.9674525923491692,-9.163742533782008,-17.441433085940222,-13.10353501246376
2000-05-04,2.53127094802286,-7.58178635858572,-20.36967676445461,-14.789620655066331
2000-05-05,4.950701635083991,-8.190326990556237,-19.959320579551527,-14.35828187714991
2000-05-06,3.9364469419649306,-9.834549123669282,-20.537089798679077,-14.760137494770655
2000-05-07,5.320374801601863,-11.144180883998366,-21.71391236563136,-15.439074553725339
2000-05-08,4.615535729110601,-10.603248913692475,-19.288291682662326,-15.027229267260049
2000-05-09,3.5318111745154432,-8.628536444231932,-19.989324724760333,-14.266539291448318
2000-05-10,4.65485583088501,-7.924339823273389,-20.835920416602086,-13.574223441567566
2000-05-11,5.37948718747869,-7.757036497911732,-20.934981588617607,-12.331330499094154
2000-05-12,6.59931694461027,-7.505876796884655,-19.894321901489164,-11.976406345489531
2000-05-13,7.547542771069695,-8.847531572251528,-20.472684209646832,-14.290521052139786
2000-05-14,8.477027880488711,-10.159543877206382,-20.595273959860457,-14.9077506036527
2000-05-15,7.886286089582585,-11.687037185618959,-21.15376054721247,-15.754155958708159
2000-05-16,5.587283977093927,-13.995581815163657,-20.989898931784207,-15.267270728609637
2000-05-17,3.9297191123487027,-11.972866844672645,-20.323336500686075,-14.08688880109361
2000-05-18,2.5607587854599156,-12.23561697605553,-21.325249985498434,-16.05752753158726
2000-05-19,2.8866818774031944,-12.230010054221099,-20.836729000513426,-16.056266175116466
2000-05-20,1.906205234503446,-12.431375244904713,-21.35686587687349,-16.220418644125417
2000-05-21,2.998133423574633,-13.116583136255663,-21.74847343573462,-17.47530491522726
2000-05-22,1.5814093104213767,-14.700448960153047,-20.745409391928977,-17.70097069611115
2000-05-23,1.566221653005639,-16.856334791461407,-21.102859929565817,-17.95700661706216
2000-05-24,0.46303364081331844,-13.65651000709482,-20.263949051862724,-17.383567029500416
2000-05-25,2.436793080215991,-13.02354293163969,-20.011797763169028,-16.59258383289577
2000-05-26,2.5356874601484463,-13.877225037647378,-21.14999806811153,-17.01763145400589
2000-05-27,2.4137568257000304,-14.267495652754167,-21.34508088097766,-17.037471951156885
2000-05-28,2.7293294569183923,-15.080549413977598,-21.20599424410176,-17.31601599884203
2000-05-29,2.5993575873638095,-14.655881635838437,-19.97566234513953,-15.518467839349958
2000-05-30,3.0389672803277046,-14.28157968161701,-19.94463140054797,-15.708093891619871
2000-05-31,2.334199995798129,-14.399123137597254,-19.08073073636791,-16.939914015881378
2000-06-01,1.7762784850941002,-13.9568165450719,-19.81032413393893,-15.945700896398208
2000-06-02,1.8957319845278966,-13.85068273432206,-18.688872286904566,-15.411985311053087
2000-06-03,2.525769557398746,-13.277916345347306,-16.561871576181666,-15.01346927865952
2000-06-04,2.7039428165414456,-14.36092323480837,-16.931259924264896,-15.70200069374004
2000-06-05,3.9010501065750427,-14.563467056530238,-19.419567034111505,-16.508329922614397
2000-06-06,2.627567135502857,-12.601268232651861,-18.504179964901088,-16.177138562005865
2000-06-07,1.934977017240096,-11.717419909425573,-20.2906806741079,-17.447213346612905
2000-06-08,2.479341511928908,-11.54310547713967,-20.298221448864787,-19.371668734165684
2000-06-09,1.7867733250693063,-14.422652816721817,-19.81655420657257,-19.009478835878777
2000-06-10,1.0516423666215584,-13.615098251817985,-19.53491984243431,-18.341856138824227
2000-06-11,2.052548679252757,-14.688322031873183,-19.713158295423124,-15.99097298734955
2000-06-12,2.8844200244175524,-15.5766846737453,-18.41105287420036,-13.703005103913803
2000-06-13,3.149032733654769,-15.561453549645764,-17.80992466856265,-13.736973002797349
2000-06-14,3.102105728158712,-14.89564496989668,-17.51425745679305,-13.895566960446594
2000-06-15,4.0908312212101645,-15.627608700004425,-16.246088066947543,-13.909263522074484
2000-06-16,3.103859514320218,-16.9394038994193,-17.716025389616377,-14.587295462549637
2000-06-17,1.9191983678099387,-15.981010173504277,-16.920336012519527,-13.72591642127016
2000-06-18,3.2556733155617925,-16.197558538382527,-16.196137056078616,-13.556195965482534
2000-06-19,1.707890737640847,-17.172801008230078,-15.191334746617722,-13.777868702460426
2000-06-20,1.397423882491215,-18.800758729543478,-14.823915367766155,-13.666206796690693
2000-06-21,3.3174255256563496,-18.797959999066002,-16.079743364190644,-16.724997066076433
2000-06-22,4.373027945732325,-18.953545727685963,-15.830782563088764,-18.694869592193086
2000-06-23,5.236283715269722,-18.087645587824568,-15.245841440723417,-18.47136528491141
2000-06-24,4.127479992906714,-17.643431573431677,-14.604242835269448,-19.618188345894016
2000-06-25,4.224929217277749,-16.50655923930157,-14.236044099772924,-19.649823313593966
2000-06-26,3.178826405743841,-15.643036751383459,-14.988268981272396,-18.643304737239337
2000-06-27,4.036920920948436,-15.674669862132365,-12.939032876975944,-19.522963053561373
2000-06-28,3.8867589088879697,-16.816184294219024,-12.117225321001962,-18.184875676445202
2000-06-29,3.553196985736404,-17.548280513934145,-12.070570699429293,-16.80944484457432
2000-06-30,2.5289582003650017,-17.845496984404914,-13.279779006621938,-14.878253188915277
2000-07-01,2.986479300590755,-17.531232954062283,-12.80461449742659,-15.106592883760026
2000-07-02,4.85683431879421,-14.707696186917065,-10.854399622981084,-16.722173500028273
2000-07-03,6.804546545699794,-15.286648286211982,-12.77164117714743,-16.360720891429462
2000-07-04,7.494985706252778,-13.138891584693114,-10.844776425530114,-14.976911359815485
2000-07-05,8.968821535688239,-10.653224778669845,-9.562460651103855,-14.983625646231632
2000-07-06,8.783343084050433,-10.3006931886423,-10.608553787296612,-14.347478758696747
2000-07-07,8.125840416244941,-11.981521915908232,-10.216891880034824,-13.700597270563778
2000-07-08,8.422298847575306,-10.612414636164138,-8.296314929109878,-13.390710003359889
2000-07-09,6.634186411538208,-9.903444156635821,-9.43565430633575,-11.344826491917841
2000-07-10,6.203459473838214,-8.655097569493096,-8.499773463914504,-11.324829193014246
2000-07-11,7.3841489714943656,-9.341869141701974,-8.66961312142051,-10.767915997499815
2000-07-12,6.959408137723828,-8.698700612536497,-8.16384135274231,-10.420786274113993
2000-07-13,6.642255934781144,-6.49439631926899,-8.54811087494633,-9.138753993249157
2000-07-14,6.449379056007724,-6.6223787006966015,-7.488952222744931,-7.6444491567727795
2000-07-15,6.000482857236526,-5.803114912667349,-8.729205035030134,-9.39096610752262
2000-07-16,4.5675280585639,-5.824766870767855,-9.397156751961877,-9.24705165198318
2000-07-17,4.020370021252402,-6.939842267164478,-9.647999153211845,-7.605253631361631
2000-07-18,4.383425399622393,-7.191262175100309,-10.576525022377798,-8.226294312811522
2000-07-19,6.287671883213422,-7.805124136044398,-10.47055591683279,-8.37562330604057
2000-07-20,7.363436810363917,-9.002971127365159,-12.93924733585974,-8.246925430816486
2000-07-21,6.385501969841689,-8.750929329828546,-12.537080792588421,-8.746518222137492
2000-07-22,5.346865127173403,-10.427567891883694,-13.339576421326196,-8.475090934122253
2000-07-23,6.53592460186463,-10.953242006355401,-12.863991056871,-8.9435762546479
2000-07-24,6.111702932002691,-9.984070133242415,-13.31331015616603,-9.914167526817778
2000-07-25,4.9106558779594955,-12.024226065175903,-12.6693057015471,-9.751514388484901
2000-07-26,6.7755875266815195,-11.018422605123192,-13.41101110277702,-9.696717014614212
2000-07-27,7.11042563563055,-9.870160868627142,-12.53182825950727,-9.048251589217035
2000-07-28,7.760742192341144,-9.343294330923586,-11.846723596186301,-11.042460316544988
2000-07-29,5.939289549412485,-10.094874367361315,-10.467646061351914,-10.115936929594099
2000-07-30,4.922617151455433,-10.615982913019481,-10.298224697073003,-10.044346313826805
2000-07-31,5.816782583006453,-11.10484220102151,-10.170887681293436,-11.129116285230545
2000-08-01,6.330452789208606,-9.05490909915083,-10.682833091923973,-13.217733997100659
2000-08-02,5.458114294265093,-10.121010072357489,-11.67723455018565,-13.69239932978849
2000-08-03,5.799662656765993,-10.15217707272492,-11.476231931858765,-14.872416307433694
2000-08-04,7.1974193375508975,-10.042716458043081,-11.945995336798662,-13.856899380272385
2000-08-05,6.972655485110974,-10.845458597675364,-12.950947024961149,-14.078608596807378
2000-08-06,7.091694994922178,-10.831284866651917,-13.892462187852923,-14.339451242652776
2000-08-07,8.996825227587737,-10.567338003417092,-14.187800640631464,-15.698369245703105
2000-08-08,10.541158508557782,-8.25125050045651,-15.290715281982308,-17.7870360947472
2000-08-09,8.559828033616741,-8.29973265220175,-14.43326186120481,-17.412743867526032
2000-08-10,8.08050121465657,-8.079597535655633,-13.245096050505119,-16.78663269345055
2000-08-11,7.695445212130499,-8.568805174217433,-13.55760261651536,-16.053432282870332
2000-08-12,7.062512024315985,-9.747718243031036,-12.829935223173717,-15.02869713942581
2000-08-13,8.752818950521874,-10.274152170174922,-11.86820577470284,-14.512672659875141
2000-08-14,8.813067961809411,-11.370178799740955,-13.432528626035356,-13.58000827758235
2000-08-15,6.650304713540596,-11.2802253475369,-15.274990326696814,-15.24449264070248
2000-08-16,6.09430405242155,-11.07504437579246,-13.872528112558452,-15.61309397309955
2000-08-17,5.998509828757443,-11.027009267655927,-12.528333234531297,-15.639545447193994
2000-08-18,5.683024721866396,-10.907117858890913,-13.291428065789903,-17.170195062540298
2000-08-19,5.954794754540691,-10.658934806799623,-13.428763795775108,-15.957406732397022
2000-08-20,7.250764731872789,-10.56089380657076,-15.003031167642467,-15.855681363431302
2000-08-21,6.918169054455162,-9.52300869976242,-13.580866442951555,-15.52032674357223
2000-08-22,6.587460204210523,-10.350951842866992,-14.595282004693468,-16.16885728585878
2000-08-23,9.128418431410939,-9.102437395139132,-14.224805773228859,-14.465588365165535
2000-08-24,9.576721757992754,-8.07534764178418,-14.080822520078057,-15.595073053545317
2000-08-25,9.342842168174926,-7.881647970750194,-14.92140046678494,-15.789820546779982
2000-08-26,10.443664321962462,-8.503424311191807,-14.241587784907248,-14.98848296838506
2000-08-27,9.647369461266806,-6.477670542590898,-13.446390828092687,-14.76023670757214
2000-08-28,10.182930939897743,-6.32759040226592,-12.201493199287295,-14.638937142517179
2000-08-29,8.80865935540591,-6.816479506664707,-9.91029236461592,-14.659765061482899
2000-08-30,8.669060881336797,-8.524352752586696,-8.69107724293091,-14.918417563381345
2000-08-31,6.669422913333168,-8.630327267432577,-9.67885320800092,-12.942192913801478
2000-09-01,6.214002494817759,-8.9157617499105,-9.830479948139573,-11.216300351093423
2000-09-02,6.632759415216366,-8.482925154236264,-9.272262010476013,-11.782129003450665
2000-09-03,6.604786810372587,-9.763650226910029,-10.736051901726777,-12.051388626242526
2000-09-04,5.312829966995951,-10.53234277097449,-9.702263263566362,-12.564268555482522
2000-09-05,3.597577454081243,-9.740879860074152,-10.881809077147631,-12.951047358587862
2000-09-06,4.607252651986521,-11.468274028514383,-11.909680906883919,-12.718498477565815
2000-09-07,6.868279139757119,-11.616255424681642,-12.653842284548027,-12.87231582879975
2000-09-08,7.287498998471554,-12.270233031007288,-13.146309864410584,-12.9942145170701
2000-09-09,8.204784477174018,-12.688776625625778,-14.334097350817125,-11.967313729893833
2000-09-10,7.503560886205923,-10.663455791060407,-14.32555102346988,-12.407502002051082
2000-09-11,8.406855300385208,-12.105347738124896,-13.619223873441392,-12.792867946041326
2000-09-12,6.950772852151712,-12.148302689572029,-13.291863035814247,-13.432857189837415
2000-09-13,6.944261561469043,-10.826721693702886,-13.131866935726084,-13.78249494413821
2000-09-14,6.148141816094818,-9.409179995136304,-14.411127539708342,-13.027194278945878
2000-09-15,6.077802138903789,-8.603792376466284,-13.91195656868995,-13.505280936288555
2000-09-16,4.215418056485319,-7.9967470854431335,-13.400152903105234,-12.294928874081663
2000-09-17,3.5117932316500253,-9.37071984380552,-12.56617059900952,-11.08969534760352
2000-09-18,4.21378029068055,-10.854879617775799,-13.024741664278077,-10.324620253919877
2000-09-19,5.375625350739387,-11.238912848886173,-12.289563302555425,-9.728368422608678
2000-09-20,4.337817489697796,-11.214523694879626,-14.251856937356816,-10.082714666303351
2000-09-21,4.962125562121306,-10.082506849357307,-15.171268657492067,-10.400433931684029
2000-09-22,5.583958235034664,-10.720884237395383,-16.533180649422334,-8.853012772173013
2000-09-23,7.018554825713874,-8.124553900447884,-18.20269181348283,-9.662363692807967
2000-09-24,5.790139954127824,-7.988494982653312,-18.218875360665848,-9.529191501693198
2000-09-25,5.945186710230451,-7.04605414799506,-19.36477629666379,-9.491800173817575
2000-09-26,6.038054732266782,-8.060518561123923,-18.8234347584376,-10.324955164779547
2000-09-27,8.06103263143546,-7.512238571491098,-18.79806565676032,-9.28477813505228
2000-09-28,7.611292347398148,-6.783964875871654,-16.843222559938102,-9.324375015661063
2000-09-29,7.105408949620552,-6.877191216455213,-15.060941298014708,-8.249577675242184
2000-09-30,7.71728910782279,-7.792239048022365,-14.19420487532037,-8.5335281459518
2000-10-01,6.844751475374102,-9.763965232775323,-13.464536317381873,-8.20483122703812
2000-10-02,8.128171849567622,-9.2825196988223,-14.157613738279505,-8.268581421985491
2000-10-03,9.962674305500807,-9.13197851814223,-14.002030752551251,-8.160780987765966
2000-10-04,10.952658908861139,-10.576738705748545,-14.82431571012299,-5.8953553849350975
2000-10-05,9.39388220918998,-10.266939684347593,-14.118945084642275,-7.331498387921643
2000-10-06,7.972304440961036,-10.698424437015886,-14.668380590014477,-8.175973205416415
2000-10-07,7.6426623096936,-10.333781352824795,-14.87390655805514,-7.727836140864699
2000-10-08,6.336050500523019,-10.359292659082616,-14.063005401851765,-7.149960878991136
2000-10-09,5.642493654221865,-10.994563561685155,-13.237971594179788,-7.355436348932752
2000-10-10,5.459486457056505,-10.532046661648796,-13.630077433461379,-6.279416898935276
2000-10-11,2.884690647966583,-9.08345290837094,-13.771977438780207,-6.765971446551067
2000-10-12,3.349842526823207,-9.207389979225157,-13.532076164449693,-7.334030659284651
2000-10-13,4.9359973070655245,-8.559593535952297,-12.120284353589296,-6.526062975574467
2000-10-14,4.228139754661081,-8.044734004397517,-12.484149144098986,-5.98008584152059
2000-10-15,3.6290813408954423,-8.386593936319516,-11.133403989361955,-4.70328258723854
2000-10-16,3.2400414116716196,-7.169850615109425,-11.43850421056719,-3.599725814367261
2000-10-17,3.8531597955006873,-7.406992902495442,-11.433297201192216,-2.0133077774980395
2000-10-18,3.0434221460448807,-7.2909620459224325,-11.514475730244172,-2.654228301602174
2000-10-19,2.3668638212775965,-6.577618539796409,-11.760813378610806,-2.816913278019169
2000-10-20,1.9691827470038092,-6.264777780496225,-12.41306995936234,-3.352586640445915
2000-10-21,3.1592401823621694,-5.131393812976283,-13.204083431432657,-3.5322262441493235
2000-10-22,3.998017745225734,-3.011408873929317,-14.134139707220369,-1.3751406331606693
2000-10-23,5.6092634501737155,-3.701529501647352,-15.704425703542967,-0.5057130383749112
2000-10-24,6.234228869951377,-1.4683035840311662,-15.383625385713268,0.06426584655892909
2000-10-25,6.501577925314761,-2.5832536565531132,-14.424888213136136,0.31471095843530694
2000-10-26,6.278394364792392,-2.0275951020940775,-14.4384051462965,-0.9864509609740961
2000-10-27,8.778750207608228,-0.8382113537370615,-14.102981903884412,-2.2543725671052792
2000-10-28,9.77892949140383,-1.4708120935943336,-13.36516024997504,-1.7681985873497261
2000-10-29,10.748418022218157,-0.9028838200821511,-13.937136461479065,-1.4963609500778903
2000-10-30,11.908548806317036,-0.924881810600273,-13.571429600641784,-1.8492093256907118
2000-10-31,12.331024011746608,-1.220346890560957,-15.068890719538642,-3.975829635295067
2000-11-01,14.182787365219202,-3.6954181116345524,-14.676144307777198,-4.9007647359946604
2000-11-02,13.178121372382156,-3.776228756081525,-15.670787718421613,-3.0873471674653583
2000-11-03,13.252911017059427,-3.6996237570814623,-14.72051452396964,-2.8351604068236975
2000-11-04,11.940405295264684,-3.8148978867077408,-17.049234284212385,-3.5176686764451115
2000-11-05,12.563012221697429,-3.8485171669796148,-18.41155532635111,-3.401429754384895
2000-11-06,11.018023452576276,-4.067930574435034,-17.03726500253497,-2.812991096468296
2000-11-07,8.596543704576458,-3.47447710649966,-16.949856948069833,-3.257919424058448
2000-11-08,8.583349608603553,-5.787054766069128,-16.823440865510978,-1.5411298827195261
2000-11-09,7.490474221507707,-4.937714101265237,-16.194583236971855,-1.776582087970392
2000-11-10,6.587349477172543,-6.00401384614588,-16.60067274030528,-1.4187764433843029
2000-11-11,6.395022622551776,-6.1070822550637125,-15.763616023461896,-1.0882394685252375
2000-11-12,7.157668420779105,-5.8903243736577044,-14.519551184670828,0.04708181495675534
2000-11-13,7.28348928177181,-6.4573125707630155,-14.753586057627952,-1.0307113395693335
2000-11-14,6.289666043910339,-4.9444090373549034,-13.387762781922726,0.7665441212759094
2000-11-15,7.451599772522571,-3.1422512798858335,-14.515775434078119,0.07760809561141324
2000-11-16,7.031701051903947,-2.132895196149378,-15.258446640576906,-0.40511513034650926
2000-11-17,6.825061592459898,-0.44063983112199634,-15.031667867153743,1.3203387177444112
2000-11-18,5.758371862859791,-0.9596747906696163,-15.227230569499962,3.0541685628189574
2000-11-19,6.961870563392899,0.5025411762679114,-15.077786336654006,2.1948564902605145
2000-11-20,7.056775662248427,1.1139981191279325,-14.795134529062953,2.0225197771473535
2000-11-21,7.264576681145089,1.5407992453027646,-13.760873462187433,0.7919308247522063
2000-11-22,7.278997897811756,1.733905638614746,-14.043497698202103,1.6225920857449962
2000-11-23,10.150341426271533,2.863412910416124,-14.080414395094573,2.1914179869266426
2000-11-24,9.222261785654418,3.228864719097102,-13.809573332661419,1.5355584233430113
2000-11-25,9.071578885788153,4.431944794531413,-14.547600246076156,1.8879417093723898
2000-11-26,9.276905892973973,5.952731489986174,-14.62786604025879,0.4847833030151263
2000-11-27,10.03139424826929,6.691860938757571,-16.871580595047014,0.46422151203527734
2000-11-28,8.25445769113232,6.892306255290395,-16.7833293785051,1.9508023852520062
2000-11-29,8.20678126871291,7.054920819288118,-16.03675679490577,-0.09139819736442023
2000-11-30,9.319731384029996,7.979895999267642,-15.936632680021228,-1.1356107159801423
2000-12-01,9.03784111379345,8.398798373747923,-14.568980329371957,-2.5804766579917997
2000-12-02,9.563456690086992,8.310460810621148,-15.885502388993217,-2.9309230032877585
2000-12-03,9.21087315956207,6.690844259368893,-16.560002119783125,-2.0003115739031934
2000-12-04,9.37965939049016,7.2638642140620595,-16.0266722973237,-1.5337406588803735
2000-12-05,7.902258478929435,7.212715881525781,-15.4750932402255,-1.8347722529960402
2000-12-06,7.389565914795701,6.1585336136608895,-15.935200655815521,-1.7963895493856956
2000-12-07,7.130946461327654,7.3881206069272185,-15.707528775325885,-1.4546072851316738
2000-12-08,7.8162726359802415,8.79565598153153,-15.225174740716502,-1.250743590735659
2000-12-09,9.461220066352283,7.461108329189746,-15.428123884247096,-0.7334537170198402
2000-12-10,9.100828529445485,8.032599038965063,-18.695765382892994,-2.152627183510541
2000-12-11,9.438242490891026,9.125214838647793,-17.843301034066968,-2.8737305256223973
2000-12-12,8.45660443114279,10.71780520925649,-18.289626688320695,-4.640535480564556
2000-12-13,8.823907964941185,9.895673630027737,-19.66819698625995,-3.9918389489455386
2000-12-14,8.767154915619864,9.497877182794067,-18.836566730547354,-3.8129782515819506
2000-12-15,7.743105948716107,10.227656702671988,-18.388815582044572,-4.547449720057471
2000-12-16,6.09441189207621,11.463855961942304,-17.542832462793143,-2.9720971549808306
2000-12-17,6.374027618462699,11.461834282742318,-17.80665983538501,-2.6948964871476475
2000-12-18,7.252381155263322,9.152801364825015,-17.58990982253151,-1.350309221817115
2000-12-19,4.914470655181038,9.882373409686164,-16.207991736125923,-1.317187872418108
2000-12-20,3.8960916598897137,8.404126061744567,-16.789336568062335,-0.5343225163891439
2000-12-21,2.7229152684585203,8.577551637844344,-18.181131223324847,-1.2119032122035633
2000-12-22,3.663213418271987,7.685229597591215,-17.93794877487516,-1.2989741354058937
2000-12-23,4.0702887384662665,9.57175646534744,-16.63919180183508,0.5636409570257299
2000-12-24,4.07213333849154,11.9147103232065,-16.21124420296548,-0.5257364601112218
2000-12-25,5.8809876268946235,11.983849742013843,-17.525518032467385,-3.8093443044783695
2000-12-26,6.190936702110549,12.169235866417214,-15.181576326976064,-2.507180711222917
2000-12-27,5.303328405456874,11.945428673020844,-13.221691910555673,-2.5909882500177717
2000-12-28,6.985841532206169,10.668065235151154,-12.357213960991594,-0.8955333371971941
2000-12-29,7.914388234550074,9.715933501483311,-11.53365044174156,-0.557028035222189
2000-12-30,8.415006026421691,8.762914815678231,-11.40143151845542,-0.9949825721798773
2000-12-31,9.511998037765114,9.502702007343812,-10.417007022919089,-1.2781918083377666
2001-01-01,8.821592724273296,9.066473467204323,-10.222812459381261,-0.9996611109785772
2001-01-02,8.08651399269517,8.29948466972006,-8.498420819745498,-0.6242407441544322
2001-01-03,8.633153288578928,7.7064820867593244,-7.2481772664476996,-2.5155548443221196
2001-01-04,8.974038627680438,8.887812635721993,-6.510292887995882,-1.5528499676837946
2001-01-05,9.482692504835072,7.614198390533192,-6.904443171811546,-3.3494064999694615
2001-01-06,10.348293387933001,8.071806168891625,-6.654364232080252,-2.978681360614948
2001-01-07,9.199773719595665,9.46770217169102,-6.8922086452950095,-2.371821007033911
2001-01-08,9.53049600968572,8.298338006999106,-7.862703092537635,-2.168838504050021
2001-01-09,8.931236085402322,6.802935636857851,-10.374622717364224,-2.4351739114538815
2001-01-10,8.578967767811939,7.235717347998019,-9.48317496731494,-3.4312602347759027
2001-01-11,9.744189410413336,6.137061219665131,-8.948193699457523,-2.3604276171843233
2001-01-12,8.87542240321321,4.767126517342627,-9.300599593921032,-3.064019655780495
2001-01-13,7.505104167122573,3.8611967257570528,-10.742254994121465,-4.333821227526147
2001-01-14,6.968950994639666,3.648591423866901,-9.770459425761757,-3.721955605547615
2001-01-15,8.439034474923236,4.125123049580083,-9.35856719815621,-4.810638627350693
2001-01-16,8.184743423935265,5.099871939258762,-9.699589101003292,-4.213826457784994
2001-01-17,7.86070020846626,4.260520628636174,-10.079690439156462,-3.769415129766855
2001-01-18,8.773168648393797,3.531894055404311,-11.36291069889761,-4.168103736144842
2001-01-19,10.171932555764776,4.345808555838707,-12.530130999808186,-3.5573809180134344
2001-01-20,9.009981181861594,5.296836869403406,-13.432854569035415,-4.779800083021074
2001-01-21,7.479088930818266,4.686150498970645,-11.693335299877113,-5.144451402415707
2001-01-22,8.29641150934896,4.777695806379649,-12.754246417189513,-4.758613455869472
2001-01-23,9.558266771742073,4.924169502926446,-13.113809020740208,-5.3967844950306665
2001-01-24,9.310633842805654,5.763609350481769,-15.187203802672219,-8.315406616566571
2001-01-25,9.023295638287953,5.940993211268314,-16.035365778885723,-10.04095849549423
2001-01-26,8.940845287756787,3.087545963741183,-15.82272182368191,-10.558062289597853
2001-01-27,8.125917634251856,0.6297418742247514,-17.44595006904847,-10.412170898958474
2001-01-28,8.388328465687568,0.4414849355982626,-18.518649328007445,-12.484365942096904
2001-01-29,8.727361858902611,1.554806675737421,-16.673209119587284,-12.976727410120754
2001-01-30,7.714241467695004,2.4605466436292556,-16.025745254406996,-12.676361403854663
2001-01-31,7.63978076260891,3.6142252208919423,-16.639293389822104,-10.546269596169443
2001-02-01,6.912214919706666,3.2615071204268773,-17.123721346387647,-9.833943430164165
2001-02-02,5.491508343702206,4.8430057661549935,-16.676850251304288,-8.360292878427591
2001-02-03,5.270761731889993,4.028749097570318,-18.328037307019155,-9.700028799978998
2001-02-04,5.140091909681692,2.1672737448149126,-17.237706360112597,-9.795626997959095
2001-02-05,5.741696158879183,2.2015220725619367,-18.75004317669912,-10.019690593988459
2001-02-06,6.273977046897992,2.4290301171779256,-18.844618465084274,-9.87090002858601
2001-02-07,5.397281615358784,0.4524022354656403,-21.16148073319464,-8.789119954487417
2001-02-08,5.257741710140271,1.5603836726632463,-18.96468046690496,-8.86677834494208
2001-02-09,5.768049127823494,0.40016139792142114,-19.93071013057234,-8.072589971123639
2001-02-10,3.9999278513454883,0.10614051568911498,-20.78401924741511,-7.73789692648112
2001-02-11,4.712640625883574,-0.22424243118388199,-22.219975336921735,-7.039632389887349
2001-02-12,2.7178899004640082,-3.2869086834556382,-21.238777870931774,-7.226243032686339
2001-02-13,2.8766661762716508,-2.2990279159987885,-21.526116130728163,-7.028974181967749
2001-02-14,1.676489703222975,-2.625109680286416,-19.427494577113794,-7.472189606260261
2001-02-15,1.544427235486428,-0.7923640948795072,-18.866869032968676,-7.518355971806066
2001-02-16,1.542468072631947,-1.4047524005810557,-19.486114054751823,-8.323141363684284
2001-02-17,-0.2274345031118714,-0.47599037876513217,-19.036835309719738,-8.689167119389179
2001-02-18,-0.15305972320692196,-0.7086731346349987,-20.158362592942797,-6.647912537925005
2001-02-19,-1.2008710406546108,-0.7996256612858774,-20.356678911012715,-5.681383450315029
2001-02-20,-1.441854541837005,0.20435422366950995,-18.43971268545385,-5.676322006423496
2001-02-21,-2.022820689044972,0.37228042686044505,-18.298330405292305,-5.564463053682119
2001-02-22,-4.040541697755125,0.8070922879474312,-17.969602385426988,-5.16777986096905
2001-02-23,-2.4368086589822324,0.7948279343565311,-17.92308272394625,-5.673135112111408
2001-02-24,-2.2573906406715256,-2.4899307094842125,-18.31098500455075,-3.9689826225268865
2001-02-25,-1.812588724988383,-2.019558839913987,-17.50090553613717,-3.7709983867347106
2001-02-26,-2.184768311307222,-0.6922985947170377,-19.758224811409015,-4.530608945871473
2001-02-27,0.019922168200222856,-0.24324200663373663,-19.79931410624108,-4.454989527861696
2001-02-28,0.8947184308682846,0.5737624519720912,-19.06065820837358,-4.960085801963824
2001-03-01,0.6930818352032578,-0.8631522071169715,-18.058772409096346,-4.720797404925049
2001-03-02,1.89575626898243,0.6665254340395674,-18.9726705551616,-5.706078516844926
2001-03-03,1.2557873476700143,1.5742539886606408,-21.120407855164046,-6.063153674150517
2001-03-04,1.11483886828954,0.180834360891176,-20.80873576114371,-7.573994181071301
2001-03-05,-0.468736850189005,-0.8986933202943852,-21.55982632856556,-8.377921168110213
2001-03-06,-1.242043247396284,1.949078382681,-21.92241194339656,-10.083386828810319
2001-03-07,-0.15543024673054684,0.820737487048381,-22.105545714828185,-9.523969678991673
2001-03-08,0.8381482918195331,-0.2048670804396815,-21.342722552215434,-9.88112620056308
2001-03-09,1.9896508671565245,-0.5238411145384116,-21.301632559214312,-10.348798265433024
2001-03-10,3.647680564130705,-1.5612882191802604,-20.93190407040953,-9.529922571079876
2001-03-11,4.3169027124301484,-0.2386942721617482,-21.399582446160803,-10.270192038212738
2001-03-12,4.029183905167548,0.023668337534420936,-21.00841041864126,-10.819547148987336
2001-03-13,2.6706966552265836,-1.3115820882143796,-21.321076111893476,-11.90309269215314
2001-03-14,3.484074428722605,-2.0483022993097455,-19.99840954443242,-11.540940949367002
2001-03-15,3.958209757427763,-2.3876155241419696,-18.7937993589482,-12.255189345008482
2001-03-16,4.302143476025919,-0.812017970462793,-19.395818306287353,-12.856268565382186
2001-03-17,3.834908094505592,1.4750016202228176,-18.907963332706892,-14.12471650687493
2001-03-18,4.624100316940095,-0.39038336352356606,-18.699718257674572,-13.885162448373526
2001-03-19,5.70015601868397,0.29290960881257444,-17.388433477276056,-14.299479834101131
2001-03-20,5.279299547135617,2.190508206138311,-16.725764347116538,-15.079881718075297
2001-03-21,5.6031681558153466,3.1027869922255586,-18.043004482418024,-15.441693524870878
2001-03-22,3.827153832623803,4.567989455335576,-18.651363896978967,-13.745981432197162
2001-03-23,2.9055771671177,4.00180768773166,-18.22300728033668,-13.247301283165719
2001-03-24,4.520300210287321,4.205390144120679,-17.934231325019436,-14.518742075642347
2001-03-25,2.7523473896404678,5.48272496582465,-17.30423063624534,-12.429211112789272
2001-03-26,2.5467878794125607,5.751007963183578,-18.196285533073944,-10.43876832668818
2001-03-27,3.367104778261874,5.586248547033562,-17.337995501896817,-10.585791889995335
2001-03-28,2.8577763606302518,6.060685523910211,-17.085949367616866,-11.138064004589058
2001-03-29,4.728345933591211,6.263702016659737,-16.570516051492234,-9.863875764362174
2001-03-30,5.129130680404772,5.190859321916644,-16.734234117924927,-10.211219130242972
2001-03-31,5.684441603693554,5.571450262648336,-17.028246217448753,-9.816067350136922
2001-04-01,4.285702018312095,6.809573462945583,-16.37872540076139,-8.234743083051475
2001-04-02,2.951788532193005,6.422834160047455,-16.206529262543608,-8.02662705197516
2001-04-03,4.094489250070197,6.220563582282115,-16.69297039515717,-7.419379434277935
2001-04-04,4.2419467244139355,6.371196809843788,-17.00746028596037,-6.105779106341319
2001-04-05,6.34493497717299,5.568954002904005,-18.669185611037467,-5.363985197350309
2001-04-06,6.844521963766971,6.486195762927046,-20.117033413700266,-5.854537736384541
2001-04-07,6.359290220975074,6.554682554700076,-20.92268944784647,-6.205318843713394
2001-04-08,7.733739279369102,6.192747045575333,-20.34379583596735,-5.725973997042798
2001-04-09,7.518409813838931,4.217531362082251,-18.512936968807942,-6.535489308582427
2001-04-10,7.008912843281058,2.7057952012810698,-18.109590647113166,-6.813794799566837
2001-04-11,6.650456598181447,3.035452436938924,-17.837945165397617,-8.661308913433553
2001-04-12,6.318851136883617,2.323264416510017,-17.634766685908268,-8.018063168498239
2001-04-13,7.273819375358723,1.999029696511574,-17.785305967555203,-7.350237109484052
2001-04-14,7.8043945446703145,1.362666775750938,-18.691713137209085,-8.149661748223576
2001-04-15,7.867151624149018,1.9369646729027274,-17.295259315012583,-7.946086336062004
2001-04-16,6.602589706280149,1.9055072374224165,-19.077624445066448,-7.626816153616321
2001-04-17,7.6378588986360025,1.3912154162759656,-19.867322700693517,-6.878588859583175
2001-04-18,7.030805304588087,0.3939440537784382,-20.114580293871562,-7.727576348640023
2001-04-19,6.8234885830104615,0.5897621221416991,-19.552280174582805,-8.335256509026593
2001-04-20,7.580563039633345,1.7495985267338936,-17.488780080104164,-7.875116096410071
2001-04-21,6.922513784857938,2.5263920662784054,-19.4360676777427,-7.833992873240508
2001-04-22,7.368474154927544,2.7464315541645856,-20.607149635823678,-7.85399203101348
2001-04-23,6.661708351716795,0.9695823084612161,-22.027348513702172,-7.780859139970098
2001-04-24,8.77092245939604,0.8454292702498082,-22.31000835710074,-6.94504425952058
2001-04-25,9.876933811610195,1.2187339418645888,-23.212592419836003,-6.363207236578342
2001-04-26,9.806165983331558,0.8556566773616582,-22.54062325470213,-6.048815310450019
2001-04-27,10.221253514588616,-0.8661939211240733,-21.788307945390066,-6.21933837285588
2001-04-28,11.01725206420604,-0.023680789786283518,-22.677737323989877,-7.988023337367301
2001-04-29,11.9609494280185,-0.5826933017705647,-22.39290587688099,-9.26448412108645
2001-04-30,13.078663662291527,-0.7602279810690427,-22.758903379561296,-9.257387307311982
2001-05-01,12.339419719918233,1.391528152829734,-22.538414108378817,-10.239253849849039
2001-05-02,12.623206115958283,1.9193458588309582,-23.100880648118356,-10.134792091521406
2001-05-03,13.775058681146712,1.8406794448102954,-23.226967189523258,-9.883420403928188
2001-05-04,12.97624621428095,1.5665955535562581,-22.556538165911956,-10.399089789620662
2001-05-05,13.673851064913903,1.4225433400870113,-22.133801417101154,-10.34026437328293
2001-05-06,12.501138489829644,0.6337783595595824,-23.701991117981873,-10.2285784097854
2001-05-07,12.493194177038571,1.151319795738913,-23.057996439659526,-9.487039617252016
2001-05-08,12.061261047544765,-0.7074694217492539,-22.08709447387788,-10.708663388466109
2001-05-09,11.74388654059264,0.42148310886562634,-20.11717941256021,-10.27777726800157
2001-05-10,10.90752984565718,2.082161490347808,-19.69095588787682,-10.160730186201404
2001-05-11,10.545619875267702,2.0248640228637034,-20.80697539114518,-11.801337148766548
2001-05-12,10.508364743573674,1.051044079660012,-20.701610521953786,-12.401219339841951
2001-05-13,11.681916130227497,1.829573216035521,-22.011272580906606,-10.7123528065934
2001-05-14,11.147070650469562,2.0123003904612933,-22.274416719285274,-11.880179608659084
2001-05-15,11.603572334783468,1.6913852529912967,-22.867381073538102,-13.10396914925274
2001-05-16,11.791800793792817,3.8495303111060313,-24.10138499925577,-14.577022956484413
2001-05-17,12.307326897569675,3.3174148566227712,-21.628452720180036,-14.658475920301859
2001-05-18,11.999562895594602,4.014399178469122,-22.902135116899863,-14.420521098575122
2001-05-19,11.723465884543042,4.771878802354591,-22.66620900372052,-14.05095532324171
2001-05-20,12.254334154035407,4.812608223172003,-22.425108157803724,-13.072430317863686
2001-05-21,11.199098873032474,5.270248736286774,-21.337307535670313,-13.439493025729426
2001-05-22,11.732857453604904,5.6049910870363595,-22.466235942449917,-14.991415653046177
2001-05-23,11.255877670711769,6.509133197956783,-23.068224502680675,-15.373779656696634
2001-05-24,14.17408993706429,7.214579775774123,-22.22941559411913,-15.478760216729214
2001-05-25,14.985506543779533,7.469736987641204,-22.580136590996037,-16.549406610175005
2001-05-26,14.65156605828651,7.592287213580833,-25.63735703526901,-17.155406233572144
2001-05-27,13.498458539496696,7.496973344210762,-26.534906624808414,-16.7173093566148
2001-05-28,14.034253863344334,6.482830881904283,-28.40896815684482,-15.42802111530854
2001-05-29,13.438696687608012,6.67522274588643,-28.762848223321996,-14.39890523624695
2001-05-30,15.304451270591285,7.89125067142605,-27.203897322782172,-13.533302026797077
2001-05-31,15.144496152941443,9.443112430633388,-25.139602769314205,-12.952553475384693
2001-06-01,16.234605631407526,9.924676351432458,-25.929836065329,-10.78488419954537
2001-06-02,17.091382421785905,9.320368071764134,-26.219532363579592,-10.305371766300274
2001-06-03,18.246059928670164,10.246728548675947,-26.559779989825408,-10.192104070604886
2001-06-04,17.745406597575005,11.220344078937915,-25.6065741197381,-11.295763468556883
2001-06-05,16.299644838650842,11.84167016616877,-26.569040656309525,-11.894272399214243
2001-06-06,16.367829194034023,11.355049999833456,-26.868287492093906,-11.969739131071847
2001-06-07,16.993300416076664,11.160054778778822,-26.27022901063648,-9.97030750623179
2001-06-08,17.814051837085284,9.392006292463302,-25.30343009516185,-10.323321009526511
2001-06-09,17.840154370795577,9.237264204393009,-24.31641864344851,-10.454222294808284
2001-06-10,18.495446942540607,9.27272211810261,-24.45260363230918,-8.883534407119015
2001-06-11,17.605424599170046,8.60525418243111,-26.36639877362166,-10.179594305527194
2001-06-12,19.380305000163208,9.65125046385626,-25.34285164472535,-9.926902419615935
2001-06-13,19.562572480572776,8.652185867091283,-25.91930661615432,-8.666373802058866
2001-06-14,19.277251183045454,10.846472530382819,-26.616570550177897,-8.507271049458245
2001-06-15,21.188292703370493,10.9959805985077,-26.735169058961013,-9.650738853728145
2001-06-16,19.31466667894962,10.821004740563072,-25.90386175181635,-10.312834474518176
2001-06-17,17.82955030880446,10.678816734789587,-27.516430642230244,-9.163254334991201
2001-06-18,18.097638885800567,10.22883695612176,-26.838590503243044,-8.926670154296236
2001-06-19,18.062420450027545,10.388695561756066,-26.920904295615845,-9.372513692820846
2001-06-20,17.080158274694423,9.88980306013938,-26.855951768599798,-9.781581538130538
2001-06-21,18.25021744485084,10.548070112837532,-29.018949781820844,-9.650291178014456
2001-06-22,15.242272158758695,10.752132481907402,-30.120226790198345,-9.936157032218338
2001-06-23,15.394049942673014,11.300595245539947,-31.986635881952694,-11.427943939111213
2001-06-24,15.3151243819569,10.605833715224,-32.55314064720812,-12.132604397908311
2001-06-25,17.14937356628805,11.359466668418941,-31.753984575557485,-13.177620990874336
2001-06-26,17.01213764638576,13.317940765734546,-30.984748088681286,-12.011162294281622
2001-06-27,18.1914711694615,13.435051356043484,-29.660509501012083,-10.827462822370176
2001-06-28,17.974274857729252,13.976216297411396,-29.916354598860295,-9.215056918077584
2001-06-29,17.826414505116453,14.220599333875004,-28.544522725491326,-8.726806443795125
2001-06-30,19.045062660660584,13.079664076193893,-29.53418144628018,-8.555814476588116
2001-07-01,18.896776773267977,14.111324747501632,-30.149277320444444,-7.917961263793167
2001-07-02,18.22574467360654,14.142193590886277,-31.271781596168314,-8.339907447647082
2001-07-03,17.286072587198294,13.641188514997005,-32.01299944221887,-8.115813133650981
2001-07-04,16.647178161946456,13.447253981348446,-32.852973949218374,-8.45159116043001
2001-07-05,16.516981130792853,14.75775470268293,-35.63813103880816,-8.380524681928192
2001-07-06,15.70722421359566,15.375580085851642,-35.01092742122571,-6.433673937170384
2001-07-07,15.45691965574263,15.775394806171608,-35.398404524261494,-6.540375965088307
2001-07-08,14.369014155453739,14.444479657445683,-34.988896058566255,-6.122107731364267
2001-07-09,15.476282049160227,12.84357303261576,-35.41306626451133,-5.446453213627427
2001-07-10,15.886573094676356,10.990978059939346,-36.21806192209438,-5.38705445573799
2001-07-11,15.348925729694653,12.284907198390112,-36.64528962459115,-6.784265913381516
2001-07-12,14.189332701100673,11.968098785582415,-36.335693604388105,-7.015967640720493
2001-07-13,15.89036352637358,11.997912284954923,-36.359900210487396,-7.853120350293944
2001-07-14,16.602918794207618,13.902912355094381,-36.71288893649094,-8.769588058430411
2001-07-15,15.161723943624224,15.272106980418588,-37.349739671290735,-8.58537438753526
2001-07-16,15.150360859364204,15.81187573004749,-37.551702750085255,-7.246816034104591
2001-07-17,14.80628293532309,16.544787594481566,-36.17873175991158,-8.489114786066262
2001-07-18,14.824242555906661,16.54518653128835,-35.02805532119427,-9.235237431337827
2001-07-19,16.317122467465786,14.223177320058019,-34.66599768784402,-8.383019621200466
2001-07-20,15.093582850151602,13.499932940535254,-34.074817713345205,-9.4204905275781
2001-07-21,15.82318104879565,14.06733943135328,-34.090006126257414,-11.348914615943519
2001-07-22,16.51454930103288,14.903089371691465,-33.07397362440895,-12.174621119041461
2001-07-23,17.609828708706306,15.307670359794933,-30.849658044837778,-11.528493527715566
2001-07-24,17.554646683246833,14.724507475223305,-31.283663609765032,-11.720468937180213
2001-07-25,16.283663284995377,17.026063861195748,-30.272112956134112,-12.344106414132355
2001-07-26,16.59239847528378,16.9803542407335,-31.480389172957086,-13.438935671739722
2001-07-27,16.154320743088984,17.016714393446062,-31.861879090039725,-12.410136623585338
2001-07-28,16.904892604239038,17.020996218138016,-31.179416980293745,-12.552660576961006
2001-07-29,16.527762213317562,17.604487113371704,-30.784286598641337,-12.66838361912758
2001-07-30,15.020377611331654,18.400956344916313,-30.587673793781263,-12.000653887951842
2001-07-31,14.423090631176766,15.49341917159524,-30.325110792440405,-12.353735707821645
2001-08-01,15.176685562361547,16.63626095636715,-32.27989514482164,-13.222825753491351
2001-08-02,14.916360815509044,14.747780546351061,-31.802661115880195,-13.66380461371118
2001-08-03,13.696753980090516,14.928379378759745,-30.95742181411304,-13.369651618845198
2001-08-04,14.35221800825974,15.240925642561615,-29.226248204131576,-14.659555031561409
2001-08-05,13.480735706075187,13.664230358551007,-28.437591729304156,-14.641387920948489
2001-08-06,13.394397496803132,16.51216964087147,-28.62311357316578,-13.075052682660383
2001-08-07,13.19937528580398,15.901597577619702,-28.22967507096909,-12.08772298417839
2001-08-08,12.912246083190603,16.61976578750598,-29.908944506704973,-12.850631673147783
2001-08-09,11.467171720260833,16.904188047245594,-28.524511812594923,-12.206738374498373
2001-08-10,11.854302320518578,16.633220172582142,-26.893360609090244,-12.584333768762608
2001-08-11,10.214528943916248,18.13985484400874,-26.790288462400916,-13.854406256009094
2001-08-12,9.707358155800135,17.4349045057496,-27.386835253279642,-12.94622313968662
2001-08-13,8.845549757967692,17.464379271354613,-27.985846699726093,-12.561935743948197
2001-08-14,9.06055212335087,16.70977389831345,-26.768051458739944,-11.987147522503992
2001-08-15,11.26337724193358,18.25330013819484,-27.470089827729126,-13.350829866196838
2001-08-16,9.131370047811721,18.925824096720362,-27.742269057097587,-13.82573126701904
2001-08-17,9.531987221984382,18.20296714707133,-27.585942608464745,-13.947007936817325
2001-08-18,9.220089418454966,18.091346154841485,-29.507141694855147,-15.18052050828001
2001-08-19,10.243217532082554,17.969922539556958,-29.93315121896861,-14.721128852391864
2001-08-20,8.955678229133008,17.470119818917354,-28.343693191606405,-14.03607015592303
2001-08-21,8.57308529739445,17.011091055790473,-29.605367410903764,-16.920542543023213
2001-08-22,7.882305029553733,15.944713252641428,-28.746941101653498,-15.981229411790114
2001-08-23,6.581357900355902,15.683249926521956,-28.84405260186014,-14.919744923223277
2001-08-24,7.207829796494449,16.445969505947414,-28.8057075378735,-14.990711296666849
2001-08-25,6.529655608161974,15.278324227863918,-27.794853570163045,-14.847840833804812
2001-08-26,4.77611573089829,16.318648734690047,-28.620468451044893,-14.500411228843165
2001-08-27,3.7200329959419425,15.505244743077249,-29.42023603292168,-15.684684723685981
2001-08-28,5.053459723129617,15.140766272220858,-29.775040919651335,-16.309028091685175
2001-08-29,5.5731784274320555,14.51377436590286,-31.14429385987402,-18.186486478161786
2001-08-30,4.141061707268074,13.005032954219175,-32.06652076392156,-19.021960037894925
2001-08-31,3.5126700055860374,14.503079300400483,-31.860001411794467,-18.24231074985555
2001-09-01,3.6784417107794267,15.771184491629269,-31.578038622673052,-20.23508656389919
2001-09-02,3.3739334979376383,15.944323788003615,-31.453184905060382,-21.67971161122356
2001-09-03,1.8658069574289775,17.169176369847868,-32.15596435348164,-22.44352633614132
2001-09-04,2.151407115934945,17.919552354872803,-33.45265646106519,-21.301615002372003
2001-09-05,2.4325093754819997,17.663162343620684,-34.59402785519539,-21.742644251392004
2001-09-06,2.9578362539533067,18.50032823992524,-33.86185207372118,-22.19202862324155
2001-09-07,1.4151342930578483,17.96914401962314,-34.49376437672084,-21.410579940473276
2001-09-08,0.38898207665405127,19.14182997228628,-34.96610026714335,-23.62757214046545
2001-09-09,-0.24426522106259607,18.27351767082143,-36.071426628483195,-23.441144627258122
2001-09-10,-1.177654071756948,18.663170678657437,-32.949357601743415,-23.50893178698178
2001-09-11,0.0664717291103516,17.520071640777473,-33.17337780388811,-23.353296141624266
2001-09-12,1.4694358411465396,17.4455159071871,-33.27347359713903,-24.54042956185065
2001-09-13,1.3215712455977067,17.08527334523092,-32.81120890676096,-23.707632425044043
2001-09-14,1.0611498414588543,17.990605208333626,-34.21250655742094,-25.27181167139965
2001-09-15,1.4134194714426762,18.50928716040241,-32.84382329008634,-26.639637839061944
2001-09-16,-0.015709803825183055,19.380470037063926,-34.08044264460174,-26.877866983743964
2001-09-17,-0.7049605258377764,20.274433157940344,-32.410173454834954,-26.486953802104736
2001-09-18,-0.3519571486555463,20.480399233687184,-31.319577820861657,-24.93363043313375
2001-09-19,0.38286824298288546,19.61104695007413,-30.45605135382762,-25.592714757777266
2001-09-20,0.7913848564317901,19.536263642504167,-30.461277477568512,-23.76074213264259
2001-09-21,2.607565741591407,21.638366699263173,-30.357216457263277,-21.391205538186135
2001-09-22,2.413638326967712,21.678656193503013,-28.25079225948654,-21.940440483918334
2001-09-23,1.1979938783291733,22.566000577054936,-27.853064361919213,-21.017477327617566
2001-09-24,1.5740019466194228,21.67984483954913,-27.3990146580878,-22.44647856789363
2001-09-25,1.4181819436845824,22.407547346023595,-24.897607364699653,-21.962103141709445
2001-09-26,0.36084872660307754,20.63375524182581,-23.18087209625597,-20.215821865807264
2001-09-27,1.0101750617746643,19.92440320970911,-20.617868274792915,-20.65646801270702
2001-09-28,0.3207831746863108,22.007124650907528,-20.17220001296982,-19.993462531348683
2001-09-29,-1.4290051828459287,22.447915667676554,-21.76215154444429,-19.974709594283986
2001-09-30,-2.234742009947529,24.48724389720551,-21.438870026784024,-19.141258983781054
2001-10-01,-1.9626446879004635,24.28160857375664,-21.982400717289355,-18.837462091891464
2001-10-02,-2.034025753030515,25.239623949847015,-21.548293928633186,-19.009822424220385
2001-10-03,-2.2177825645713045,26.927803214506685,-22.403815103379657,-18.334495070103944
2001-10-04,-1.6339086080071545,27.920406299828674,-23.453166504305997,-17.207487226053296
2001-10-05,-4.1362884478924995,27.66499731791076,-24.425621667383105,-18.351439880190483
2001-10-06,-4.630938147157354,26.88527950179529,-22.825894575799715,-18.229859944377207
2001-10-07,-4.99969302730634,25.93368766069815,-22.113936136380225,-14.944382545452585
2001-10-08,-4.136841322396387,27.107899274098898,-21.965426357151625,-16.325914018081765
2001-10-09,-4.172694119674923,28.167674011522827,-23.86360953813655,-16.64792243675658
2001-10-10,-5.00278921077851,29.43148766621347,-21.80557733328782,-17.503536987565447
2001-10-11,-4.123774391686872,30.745371771944153,-23.526446191150303,-15.477572800400054
2001-10-12,-4.6260126356457665,30.393110106628026,-23.77272538738381,-15.062575310305943
2001-10-13,-3.2940468198867863,30.025792340543603,-23.713163526722102,-14.895908969435133
2001-10-14,-1.8967594170436297,31.129444792781406,-22.52033685918101,-14.15898158730973
2001-10-15,-1.62569568072765,30.493583490339535,-21.616687227464393,-12.945143388374804
2001-10-16,-2.478824734717736,32.334196769839885,-22.296602876531292,-13.716647278891145
2001-10-17,-4.7289046967254915,31.68818788927853,-23.816358895189087,-14.860302681805118
2001-10-18,-3.1188741335885917,31.871510536422537,-25.026052976863355,-14.477038413523132
2001-10-19,-3.4646582055885458,31.716833160723034,-24.117105681146057,-14.206516544954175
2001-10-20,-2.433620678446112,32.56799351946931,-23.544204629141458,-12.525476773529071
2001-10-21,-2.626647442082983,34.24737084652406,-24.0331894671596,-14.687871337225687
2001-10-22,-1.5952751428011775,33.225075622018565,-22.428008944360965,-14.099693481840308
2001-10-23,-0.5252074800773585,33.8039635926606,-21.433780944519086,-13.401384203578818
2001-10-24,0.6199266494615105,33.40091106812073,-19.868430412839214,-12.350135367596565
2001-10-25,2.4346471383590913,32.653223695552605,-19.71262882993829,-12.525248682301855
2001-10-26,3.3054258183599847,34.20850377212157,-18.070102065481414,-11.93395136534772
2001-10-27,2.7613554030165273,32.98147128749213,-17.780567974199,-13.490925825310708
2001-10-28,0.27009209650812194,34.1146118489153,-18.585283199434947,-14.453138841065346
2001-10-29,-0.031123718702612102,33.984087074543,-19.446772137462794,-13.856734189816422
2001-10-30,-0.8370370898336725,35.20914666750187,-19.65647718369052,-13.074036935517999
2001-10-31,-0.16484337962430495,35.52916776889225,-19.307138535576755,-12.236803166250638
2001-11-01,1.4060827974911267,33.75803711015111,-20.422227627646812,-13.000937900746855
2001-11-02,1.4003625656870153,33.44272476397575,-20.086384341710072,-13.401384199375679
2001-11-03,1.4932458213496094,32.31550077212779,-20.364190461362675,-13.254989987983578
2001-11-04,0.9653578878940219,31.233048650251003,-20.384994187068205,-13.610048486365221
2001-11-05,1.658885651934653,31.069452116409284,-20.839299192968745,-12.237425967278524
2001-11-06,0.13620242623742196,32.78237311702658,-20.299658071750773,-13.462766280457178
2001-11-07,1.1009255165477385,32.74892618416094,-19.82864796402145,-13.336111111639193
2001-11-08,0.6025794432599576,32.753354250673375,-20.299799935100822,-13.251912836092131
2001-11-09,-0.19349888081578126,32.91107811166083,-19.912222394312753,-12.497515024510534
2001-11-10,-0.02665035686528963,31.67623695017205,-19.778095670168966,-13.901073972032504
2001-11-11,-1.7097909316658204,30.45593452623987,-18.731266269001058,-13.493609654410148
2001-11-12,-0.7333072392858366,30.731655439989407,-17.485325107213566,-16.464120979866948
2001-11-13,1.0082356209379815,31.96657728885821,-18.637541747871527,-16.677553681344897
2001-11-14,2.15692120870886,32.66864059761646,-18.393317987634017,-17.014081005677525
2001-11-15,3.9182102505613807,32.816106975593584,-19.39142428042963,-17.823900224017184
2001-11-16,2.5711457820867203,33.72001240130978,-19.8789695905333,-18.70724788198459
2001-11-17,2.3063657933285002,34.43000060138658,-21.426646075160082,-20.78272090203418
2001-11-18,2.532513105689749,34.47219112337628,-22.117342830320112,-20.335858415595595
2001-11-19,0.5757191928858196,34.126254538456685,-21.97354804935558,-21.17751248342402
2001-11-20,0.03129322287508807,32.82460024423984,-23.258104371783524,-22.510016836867006
2001-11-21,0.6394273779029698,30.955836630567173,-22.487102144492056,-22.067486079155678
2001-11-22,0.9211036443112388,30.88503013732136,-22.37219885199844,-23.303212937910864
2001-11-23,0.7837368499893781,29.861795529275586,-22.44221319959477,-22.036857964838692
2001-11-24,-1.0925356350155848,28.236520306870858,-21.41316835098265,-22.271119276461214
2001-11-25,-2.519806706632239,26.93833315806842,-22.093801194168584,-21.426704637328903
2001-11-26,-0.7555281322443692,27.70413842549737,-21.825021167585145,-20.766020608762478
2001-11-27,-1.0931664408525628,27.742968585767947,-21.182344274932085,-21.474308188047722
2001-11-28,0.24372926301849906,26.790512285651694,-22.53124313876785,-21.61856464072126
2001-11-29,-0.27957646770572586,26.473356368289696,-22.73742828385224,-21.40825884011223
2001-11-30,0.564779257712797,26.950563846477777,-21.42338129630154,-20.70385938507765
2001-12-01,0.4529409822795547,26.20173396120316,-21.706856052291418,-21.196099711067568
2001-12-02,0.47668820156135827,26.5714291848369,-22.483419142388296,-20.99489819280283
2001-12-03,0.26310420901221543,28.120351185401542,-20.57167544353668,-21.476368794827017
2001-12-04,0.5553550703691845,26.635585738985487,-20.0409329152686,-21.717455668103373
2001-12-05,-0.3150551833784332,25.685661346797108,-19.386722409712615,-22.570726666596684
2001-12-06,-0.8622103604611127,24.17930039059784,-18.743240249244387,-22.99234784889881
2001-12-07,-1.2224373872672172,25.167198976511777,-19.856427468184606,-23.485641960711035
2001-12-08,-0.2539090887553418,25.377811553801976,-18.05288436805931,-25.24424266575852
2001-12-09,0.10293692858290604,26.90573984190027,-17.73285504387382,-26.231379177996004
2001-12-10,1.4973291419433052,27.487280948685743,-17.71726469122028,-26.611623734285985
2001-12-11,0.8554843128789282,28.120293781614873,-17.56903942425309,-26.06100428899421
2001-12-12,1.174527973563909,27.088581413641304,-16.501334740306593,-26.686857876169288
2001-12-13,0.4275478244763129,27.289220282230488,-17.50936171454733,-27.464014088520685
2001-12-14,0.992236072904898,27.64084265243934,-15.388810198997568,-26.947831038255607
2001-12-15,3.1186116749505173,28.44557894888473,-15.37859418626209,-26.96485578408908
2001-12-16,4.4885485413832305,29.342016377632717,-13.36846798749268,-25.284717240428193
2001-12-17,4.158008883085106,29.578692420812278,-12.817440030085157,-27.00085174450483
2001-12-18,4.257073685130748,29.94744431796353,-11.083792065885206,-27.44013976824328
2001-12-19,3.324664939292781,30.277014593844118,-8.925518033863748,-28.949603049351623
2001-12-20,3.1703238107823224,31.28154996848386,-10.627777723901863,-27.77234992497873
2001-12-21,4.887275823837727,29.775709057146752,-9.37467699727193,-26.67201524394966
2001-12-22,6.053271707936702,30.718272121573712,-11.083718705495395,-26.587685974860786
2001-12-23,4.885584783659516,31.09995569558056,-12.057365206855645,-26.813840952949594
2001-12-24,2.9453589329884817,32.085878155441726,-11.32463832919053,-26.039274087833913
2001-12-25,2.0093851678710557,31.065000789241516,-11.543173369816119,-24.779495788897627
2001-12-26,1.6148894122990831,31.324250412670843,-10.498717473406195,-23.881505952003153
2001-12-27,2.3982841690085657,31.92006335351358,-9.849458141483256,-22.555155620398455
2001-12-28,2.028122065986569,30.263135258410607,-10.137407455869266,-20.74450377002364
2001-12-29,2.966237702806464,30.615446921701487,-10.037012838989298,-19.902147430684316
2001-12-30,2.61883745618681,30.383485546563826,-9.057196553971115,-20.507820004752745
2001-12-31,3.1535509579231933,29.347687004441124,-8.85197489674223,-19.7351237318661
2002-01-01,2.566972380983542,29.590409598513908,-7.551965212606831,-18.14653856631034
2002-01-02,1.4926272266557261,28.930965910741502,-8.213021574585927,-17.31890242762116
2002-01-03,1.7077936013926687,30.62134266837815,-7.579063959726472,-16.136677116597852
2002-01-04,2.8232123215724023,32.48901705170991,-7.3183132460482785,-17.644394852312374
2002-01-05,2.814558991075704,31.745288313441318,-7.8848950022468625,-17.425527507514015
2002-01-06,2.1651741374708795,32.029186211341816,-7.507932304457973,-15.729755736736008
2002-01-07,1.0734431722166162,33.05417630098287,-8.192121818137908,-16.111919972343618
2002-01-08,0.1881322753202096,33.78085796982301,-8.603025090144566,-15.112485434088974
2002-01-09,0.40907693941179474,32.3852699065053,-9.083961586974583,-14.686022615684896
2002-01-10,0.9768098963370297,31.726631597762992,-9.74645963259297,-15.620584860606838
2002-01-11,1.0812541522959247,32.05178395339186,-8.010775791578505,-16.662935449550513
2002-01-12,1.8871683275711426,31.78302402744972,-6.85247413488319,-15.551799245263998
2002-01-13,2.2223329729752335,31.79681449085006,-6.600723159616149,-14.153843372534103
2002-01-14,0.9598304516712104,33.19653768941375,-5.544363563978459,-14.100484639755765
2002-01-15,1.385534276289964,35.1350946198915,-6.444236592156523,-13.789325482588907
2002-01-16,0.3834508725996033,32.716760373037204,-7.272224008952127,-12.92473531168375
2002-01-17,-0.1562164915789318,34.95876206867746,-5.559085786153563,-10.144955282583371
2002-01-18,0.5977615402668373,34.979259685441704,-4.812935570292906,-8.379930416795894
2002-01-19,1.918654920128665,34.680816317789244,-6.910624377814891,-10.552515477300657
2002-01-20,2.158798239813952,34.79745271172503,-6.513281654784224,-10.832992554767689
2002-01-21,1.7188770370417945,35.67243830031693,-7.755448633983704,-10.997096482688931
2002-01-22,1.4721695016963272,35.953119598534855,-8.069175989985013,-11.622059992181274
2002-01-23,3.5369168593409697,34.786626025840256,-8.174486852189947,-11.56005438280799
2002-01-24,3.5919562386970347,35.24296069031264,-6.976603141537433,-10.456889634359088
2002-01-25,4.140462544041518,35.15957762964195,-9.661943122803226,-10.950419690774758
2002-01-26,3.001487591444103,35.57389456804652,-11.342952272737636,-12.51995702703676
2002-01-27,2.9674900942384945,35.18565538748331,-10.32147496656259,-12.853168283037599
2002-01-28,2.449694946807745,34.784190719057285,-13.2257880587055,-10.802869986675022
2002-01-29,2.5462234479902985,33.49353258358933,-12.50012624278074,-11.24541016656652
2002-01-30,3.2896062081732445,31.539665088720366,-12.717791349416345,-11.699574351354649
2002-01-31,3.8730312029688068,32.241925611504136,-13.4309654987836,-11.519324608680451
2002-02-01,2.549685351319679,33.389105845543725,-12.263247509342564,-11.019089508609026
2002-02-02,3.03130211799645,34.29795980535544,-11.58534041584146,-11.970559465396985
2002-02-03,3.687390301263065,34.89990369310066,-9.935599783184697,-13.814000789120035
2002-02-04,3.354618157733381,35.840903950719074,-8.611072739356295,-14.172546447728235
2002-02-05,2.515788071304556,35.81214760907283,-8.94944298682661,-15.888615114418522
2002-02-06,4.226678962195747,34.736046774520744,-9.385037488127304,-16.22974162779253
2002-02-07,3.7095525660170834,34.60662179165404,-9.464007765582368,-15.540423096357804
2002-02-08,3.3635679889163943,35.13096660761251,-10.785843855005,-17.043146371918194
2002-02-09,2.32787895698221,34.62904707677845,-10.36548879549443,-17.136437288944112
2002-02-10,1.4401739596761312,33.8379261203453,-11.999129508028155,-16.372099341009086
2002-02-11,1.0465191934846103,36.1463088176173,-10.702355893681656,-17.064894062761123
2002-02-12,1.6259906146823404,36.45706687497474,-11.365701534293672,-16.775886485485923
2002-02-13,2.8166273476560457,35.46757718243234,-11.054357678889765,-18.37521423837001
2002-02-14,4.223652340631494,36.01523087435302,-10.106538838968621,-17.402026948278298
2002-02-15,4.703452210522204,36.607900622158915,-9.510562668283903,-17.598051676602136
2002-02-16,4.881938896685698,37.87123415555343,-9.525957544910709,-15.924923009191843
2002-02-17,4.237821809280469,37.998625009613015,-9.378382687531014,-15.260142274017612
2002-02-18,3.6314234914325523,37.1438571016407,-9.206865010612027,-15.204950003659443
2002-02-19,4.308490941873577,37.05657492967534,-7.555720340909302,-14.203446768517674
2002-02-20,5.193236899188036,38.01092264089529,-7.279161087060755,-13.34327113566009
2002-02-21,5.099234514133209,38.33512295305454,-8.464089220541823,-15.376208641679927
2002-02-22,6.9544693468362775,38.93704617065216,-6.4078645253011235,-16.642896162356404
2002-02-23,5.94810616930304,38.42629076161936,-7.734823884291298,-15.818678860892934
2002-02-24,6.7074708768229545,37.81137531707606,-9.399592960341284,-16.653129247910183
2002-02-25,4.579376647838444,36.9324204488156,-10.541787665187483,-18.123879096527936
2002-02-26,6.736402284791487,39.13076618692619,-10.37716028690311,-19.35064736220158
2002-02-27,5.002061014347903,39.53024644800416,-10.854850636131943,-19.357745256215672
2002-02-28,5.618442592895927,41.62601632732431,-10.261756640756412,-19.425782510371086
2002-03-01,4.9174178492052,41.104369629407415,-8.870852360597397,-19.727580366722595
2002-03-02,5.518140859516592,40.7146724869099,-8.972201494394021,-20.608140178869967
2002-03-03,7.717964097583952,43.078575802525826,-9.087963536168822,-18.942455160773736
2002-03-04,5.976093962444926,42.227555142224915,-7.50162211176769,-17.147031718192913
2002-03-05,7.330146916026083,42.081795805889364,-6.2671083648755,-17.33712421622044
2002-03-06,6.887585247647814,40.821576445513635,-6.10459815832248,-16.72142887837952
2002-03-07,7.764533754582854,40.55145140993829,-6.335648091686332,-16.855910494675527
2002-03-08,7.773244367273009,40.00511299240406,-7.226223592615697,-15.686435106143875
2002-03-09,8.931414791678952,39.887700093161186,-9.014816938720344,-13.916404567879578
2002-03-10,10.63467806816777,39.4661125221499,-6.361750195448674,-16.16229204890504
2002-03-11,11.582064924355532,39.606689811186456,-6.111465209570954,-17.560349930973473
2002-03-12,11.580900937477422,40.33433293696976,-4.867800057668423,-17.471317949402255
2002-03-13,12.181436599383831,39.99602740589394,-3.1927569885800677,-17.281824601854336
2002-03-14,13.222648530625426,39.51319960971536,-2.342834673851206,-17.62363870456801
2002-03-15,13.21377439616378,39.57545642721703,-3.36929697031455,-17.28993242198838
2002-03-16,13.689798076190574,38.24704430259286,-5.6272515502458695,-18.254885196037126
2002-03-17,14.918924759374587,37.01188699431014,-7.4748108106462325,-15.25998869827506
2002-03-18,15.610436922835435,37.17718912564951,-7.5593929477593695,-14.152962803384593
2002-03-19,15.670104308724321,37.60208827001438,-7.096162411176468,-15.75859772183454
2002-03-20,16.719976012874735,39.61574510458251,-7.328035023094302,-15.123187747805833
2002-03-21,16.005803707364038,37.789899721467215,-7.360326349963927,-15.119152401731474
2002-03-22,14.503220813336153,37.00761989502552,-8.008002161857913,-16.206444652061332
2002-03-23,15.326126945443697,36.27918892815063,-8.255909059311417,-14.416827326793177
2002-03-24,15.983670388447734,36.32280150065942,-8.10423458546475,-14.618599056481054
2002-03-25,15.014808570646638,36.03572035691905,-9.267983165803095,-14.470645567098213
2002-03-26,18.17316949580148,37.56631998480032,-9.89207018420613,-14.668248975437571
2002-03-27,18.314362461495477,34.92642124539993,-10.398557167451273,-12.133490126701357
2002-03-28,18.400329773089414,33.75754392749201,-8.524225845772163,-11.682762010913537
2002-03-29,19.174570525145747,33.50309707148799,-8.467361315874552,-11.612827177233571
2002-03-30,16.75910471839253,35.46836437631217,-8.51706738915354,-10.412758164614118
2002-03-31,15.643312464973313,36.166719643110575,-9.822134379339804,-13.362653365569962
2002-04-01,16.510558776435612,35.58510073555222,-9.419651650879423,-13.116567363790645
2002-04-02,15.342297768920801,36.63116508439278,-10.194088631185933,-13.441276698171647
2002-04-03,16.654770992999325,36.09244287888484,-9.89477339152084,-11.23029596494026
2002-04-04,16.262275506564738,34.581115718085684,-10.89417830066803,-11.464042712395752
2002-04-05,15.99177663969055,34.33274678991642,-11.222755833656532,-9.77303885258721
2002-04-06,17.180947289669906,31.799198014958474,-12.090112674665528,-9.588567539067903
2002-04-07,17.230674809803574,31.885631224682157,-11.678236580024379,-8.224499834486803
2002-04-08,17.69526108471793,31.533960018927736,-12.757306926079785,-7.9366767999782475
2002-04-09,17.946094627244573,30.44419351483032,-11.431176883755231,-7.930698970920835
2002-04-10,19.74013749874063,31.467363868288565,-11.198581224890175,-6.988191564166152
2002-04-11,20.122180970250973,32.191249971430764,-12.672076994135447,-8.233524867961894
2002-04-12,20.636335755067257,29.644014228995488,-13.410461020610914,-6.7063377018968735
2002-04-13,21.379271945431206,31.114673243535396,-11.107250846216408,-6.776250160081083
2002-04-14,20.067298631585636,30.557179491312063,-11.537528635138106,-6.723556299746658
2002-04-15,19.113240120078373,30.318813981251065,-10.765766968001019,-7.933774384096422
2002-04-16,18.288291040596448,29.82919210910313,-13.521716854472977,-8.699382192803895
2002-04-17,17.68247672476404,29.339278785519397,-14.50756322732092,-9.793570034015033
2002-04-18,16.949346141885513,30.12083182060511,-15.34326224404385,-10.192922672852962
2002-04-19,16.80627765771969,30.24690224625167,-14.572636999322796,-10.791952772899428
2002-04-20,17.80643554613705,30.82481669787007,-15.666499139722463,-10.304926552282504
2002-04-21,18.26588186972329,30.25761801283751,-16.14082909599561,-11.905027461534099
2002-04-22,19.172924859723103,30.686151295525896,-14.757988671909093,-13.160307921825817
2002-04-23,18.13555802462553,30.789741913909012,-14.520370408785451,-13.366982264081349
2002-04-24,17.94089647937946,29.240408108718633,-15.333758691066798,-12.93626597255877
2002-04-25,18.55871120169084,30.66444770662312,-15.702075539737745,-13.263688080218348
2002-04-26,18.625301978390265,30.096892272347997,-16.074519916057625,-13.538789772105796
2002-04-27,18.405542915032957,29.544512455149587,-16.839916461090763,-15.273103178765956
2002-04-28,18.085799567693655,29.447945110189135,-16.75137143547118,-17.072639317535607
2002-04-29,17.440122172038816,28.348895723088127,-17.125737206763475,-17.486718361386703
2002-04-30,17.55608360768915,28.565357924611135,-17.526155464907283,-17.602520368987328
2002-05-01,16.86429653024462,28.525402458254725,-17.40413678489257,-17.039449596638814
2002-05-02,16.59750610473581,26.677531591117635,-17.740670827882525,-17.29281004608303
2002-05-03,17.396800173007062,26.49491665814277,-16.921021719036645,-17.384121513884807
2002-05-04,17.645935439544587,28.71793285287002,-18.065902369149796,-17.94308254390618
2002-05-05,17.82596725353241,27.56539126643424,-16.76634581155242,-16.932921955083717
2002-05-06,18.939665043976312,27.3642111706516,-16.40069139067491,-16.847534514472965
2002-05-07,18.01166381671743,29.169249471248882,-16.88944580806729,-17.448555711493565
2002-05-08,17.32514442329279,29.694057935235247,-18.7677600426137,-17.027644775472464
2002-05-09,16.188921585344715,30.50331812494166,-19.814385606482343,-17.93326908085568
2002-05-10,16.66134129441047,29.331880440391075,-19.67154174626792,-17.382010015374025
2002-05-11,16.817510325430085,30.551007130819062,-19.252565409962624,-16.112836441330174
2002-05-12,18.32189248930967,30.710722710967733,-19.307244130788334,-15.876723768286418
2002-05-13,17.904498734645504,31.4166356566375,-21.552567509214903,-17.441041142570576
2002-05-14,15.807079703835822,30.654060796893578,-20.15527419702691,-17.536948170135457
2002-05-15,14.88088831988031,30.812068249964803,-21.176750152645813,-18.148732515607986
2002-05-16,11.709855338712877,32.117367416918114,-21.425015455467136,-19.55938209650529
2002-05-17,10.969480030710445,32.276318401933736,-22.622092119490866,-19.832853419164266
2002-05-18,10.747068335359158,32.15540690614559,-22.20490887418918,-20.174285580713587
2002-05-19,10.094505718922743,32.59892973639136,-22.79755948818381,-21.152936640438533
2002-05-20,10.67584744438873,33.65341431428222,-21.519316212365567,-21.898162928788913
2002-05-21,10.892642971561282,32.78651805816429,-22.850570005358293,-23.853286491583603
2002-05-22,9.87631123821697,33.747332183675994,-22.528763498332545,-24.918979761677086
2002-05-23,11.909278347258791,34.062995116003144,-23.951848801144035,-23.757636983248254
2002-05-24,11.833067825147173,32.6506080813214,-24.418304331327054,-24.97133599961592
2002-05-25,11.995827242068273,33.00936320385575,-23.94807986634437,-25.80743384295765
2002-05-26,13.95182568491165,32.62425967352304,-23.95977771423744,-26.354403547574385
2002-05-27,14.115494949340007,35.691124766607366,-22.059223532877848,-26.919853687735646
2002-05-28,15.490945732847024,34.846529681646444,-23.898236579395878,-25.69548518685284
2002-05-29,16.283650753632447,35.979494913479904,-23.9628406321253,-25.388455588620765
2002-05-30,16.63119441724641,37.4358012602776,-23.540481028270793,-25.378591986119307
2002-05-31,16.971348157364023,37.76523913517141,-24.46560589918435,-24.22958816214282
2002-06-01,17.029399329332495,37.93004280006436,-23.29358602294472,-25.36968624376638
2002-06-02,17.57350414388021,37.89839905187895,-22.292470609050856,-26.81845972696315
2002-06-03,16.920365395488833,38.556940442698064,-22.90004665739175,-25.274406504405583
2002-06-04,16.321107569593746,38.613629296711395,-25.793563791554437,-24.840222031762806
2002-06-05,14.368460183008363,39.3220414667674,-25.132399223465494,-25.776358024055025
2002-06-06,14.697658694608487,38.95428127132807,-24.720772999620173,-25.860309960244464
2002-06-07,12.969095572133861,40.849501282900064,-24.445694180548237,-26.0951277140712
2002-06-08,13.37315591921017,40.77671836255954,-23.979744124747576,-24.89651580549415
2002-06-09,13.183340942081138,40.64099465924855,-23.956048232176588,-25.641901552683656
2002-06-10,12.459091690418067,40.898500092981614,-24.26625229988691,-25.70708831132874
2002-06-11,12.506027415919858,40.43686035939885,-23.58415748211367,-26.612829264093204
2002-06-12,12.786037399627988,38.52358135721789,-21.827952070353874,-27.905413619586913
2002-06-13,13.492788286089148,39.13030442094265,-20.70484364744901,-28.4700181573293
2002-06-14,13.84478443213399,40.128653725853646,-19.739665496889,-28.32275166092545
2002-06-15,11.891385802834868,41.26891340411571,-19.74606131829251,-26.868698695958287
2002-06-16,10.93537491863247,41.73326351294531,-20.74342465897442,-28.068859597906393
2002-06-17,11.28546557516432,42.57626014886797,-19.597312809093857,-28.98826836851655
2002-06-18,11.2973945083354,43.760885297309706,-19.0520504162828,-28.945003172835108
2002-06-19,10.311253617170411,42.713349313149386,-19.240772737330186,-28.941340867271528
2002-06-20,11.401577568167493,43.74728346800404,-21.877844865930385,-29.659043847271914
2002-06-21,11.682576951188066,42.252395048193094,-21.69764492011269,-30.770502614886677
2002-06-22,11.891512481693841,40.85308899571361,-21.281487152246196,-31.927070519821164
2002-06-23,11.936367553128928,41.543197791719756,-21.502808414412005,-33.04625829525791
2002-06-24,11.79973948153572,41.98269096414787,-22.974765972906425,-34.086338593531615
2002-06-25,11.471659303181168,43.19005592938338,-23.016120061436364,-33.04495118871975
2002-06-26,11.048206545257878,43.41077134350221,-22.841603543726812,-33.64987542442047
2002-06-27,12.831371223374891,43.227282029939374,-24.414899122128336,-33.207472605965236
2002-06-28,15.163502768607323,42.4398112211323,-25.581439147955745,-34.330335876699735
2002-06-29,16.48595099640106,40.39828889063055,-25.10333200008998,-32.50046257385487
2002-06-30,16.458270460521028,41.029127423189124,-24.703831546529603,-32.504575382344264
2002-07-01,16.211219153851633,40.23710827502525,-22.846439474938165,-31.48222614936955
2002-07-02,14.97108701186924,40.15216865347725,-23.37038804733673,-31.797723344217392
2002-07-03,14.535995581756358,39.43338857677553,-22.92256691593936,-31.721009035554154
2002-07-04,14.633742220138663,38.73934360284539,-22.980560390024564,-31.84287268917531
2002-07-05,14.871428777888399,39.33555807491103,-23.002343089795907,-33.51175195783761
2002-07-06,14.893537410555465,39.451318349512974,-23.312517505376977,-32.316697311666154
2002-07-07,14.00523593358031,40.43236543130805,-22.554261673567943,-32.163051494052546
2002-07-08,13.586984490258214,40.38100503090522,-23.13658395616628,-30.79477699316707
2002-07-09,13.819667964965188,42.2205320530618,-25.22667630188737,-31.38919660777233
2002-07-10,13.33916013434956,42.37199090166094,-26.612238750291766,-30.783725827506906
2002-07-11,14.307071235834306,40.92254693025997,-25.246334472386724,-31.569644488112186
2002-07-12,15.8672134840613,39.41707476813616,-24.923712671924545,-32.63394832087948
2002-07-13,16.23941742928562,39.67032291785923,-25.8486576899235,-30.643031957481014
2002-07-14,15.69717255316587,39.012522871851964,-26.31803649353105,-31.03475042343116
2002-07-15,17.942657582136924,38.2993558098334,-26.809715185891445,-32.4530886111619
2002-07-16,18.473507926285496,38.789961693120574,-26.367091130079327,-31.92599915917353
2002-07-17,19.10465636155327,38.77471160995515,-24.92782284730113,-30.35675364625462
2002-07-18,19.141830583994825,38.6092022901863,-23.339449828666904,-28.646622362590765
2002-07-19,20.639322574158317,38.16158824246584,-24.447931251514145,-28.31957962529643
2002-07-20,20.59619034881637,38.01671610195599,-25.30357557081546,-27.211764838836014
2002-07-21,21.373847214759756,37.65877873956808,-23.762118847924608,-27.61878955637321
2002-07-22,23.15443223945443,37.11488728511081,-24.637844776721145,-29.879847436650053
2002-07-23,23.192185787422755,38.14216238972779,-23.99407569376579,-26.559630867618978
2002-07-24,23.643056474425986,36.09590141090112,-22.688014102951357,-26.75552267766867
2002-07-25,22.794047647060022,37.08922542498673,-20.86731143744699,-26.314244947412746
2002-07-26,23.306188949102204,35.85306536756591,-20.617882806327444,-26.53887857495858
2002-07-27,24.407471762030102,36.73361481896386,-21.202807804509362,-25.972302146437887
2002-07-28,23.46334402839907,34.79818910380242,-20.881472203941907,-25.890596914493145
2002-07-29,23.490757253230363,34.741326746210234,-21.113743723675086,-26.506318871160232
2002-07-30,24.08889222148673,34.15821113063345,-20.278232358772502,-24.89821495383321
2002-07-31,24.12826058024269,34.15492427180924,-20.11064979325886,-24.220393085027826
2002-08-01,23.687349111581103,35.0281159247499,-20.540754196914573,-22.099744261130468
2002-08-02,24.418191899013543,34.87690360112946,-21.799409012234012,-22.238252567869438
2002-08-03,25.8314316934204,34.32996593873171,-21.423901769951325,-22.472514945075137
2002-08-04,26.21659085334322,35.19885075612043,-20.38503441506313,-22.50967242207093
2002-08-05,25.316380950035608,35.121676104844916,-21.97937116162183,-22.095679070705938
2002-08-06,25.240606725964415,34.81833797966134,-22.940778635298706,-22.623479808146463
2002-08-07,25.604097512420694,35.45279538790203,-23.820392170945464,-23.1948188003732
2002-08-08,26.51963621900199,35.16709280124556,-22.941617224878627,-23.07668995548599
2002-08-09,27.620822969834283,33.154905959968914,-22.580381859557527,-24.721798570771373
2002-08-10,28.71246693394503,33.10154276094564,-23.194878730744872,-24.923230765867554
2002-08-11,28.376611403180586,34.38049656318242,-23.935839302954008,-25.956257953199447
2002-08-12,28.715181778786967,33.92142158350241,-24.760044827721764,-25.83312290486259
2002-08-13,28.27416774909949,33.752609797030956,-23.085946455653694,-25.805483006247666
2002-08-14,26.77613755877262,33.21128596129719,-22.38733266859986,-25.984160141773103
2002-08-15,26.91098998587709,35.64220786264064,-22.378645767129377,-26.87658696080728
2002-08-16,25.62237220956725,35.650678789505186,-22.360460939637203,-26.57312064070316
2002-08-17,26.68495427132827,36.40551458804343,-24.014927114405275,-25.564817133924578
2002-08-18,25.746758891441274,35.55113455951066,-22.664590585170277,-25.06912007717624
2002-08-19,27.013149534626262,35.46237011145731,-22.78484072684504,-25.160455368071673
2002-08-20,27.147488233308678,35.76989519920473,-21.909190334454816,-25.258337189024875
2002-08-21,26.74031223135792,35.14292728111331,-23.288656382229707,-26.11899930632864
2002-08-22,27.002990049453963,34.889978747298834,-22.908729049471994,-26.7311894873921
2002-08-23,27.32540229932654,33.705616547193316,-23.320088057183774,-26.591613997411653
2002-08-24,27.22206843241733,34.33598716005079,-22.40763968788302,-25.7585710540955
2002-08-25,26.31237577389984,34.54409690731726,-21.850169721661494,-24.92989443787054
2002-08-26,26.88082405133784,35.410638856654934,-20.382130165786105,-24.45552295644582
2002-08-27,27.607775422367872,36.43340109722112,-21.077928791093132,-23.909702000298466
2002-08-28,27.335810165786135,35.89646072285086,-21.908814848283125,-24.710034900158192
2002-08-29,27.953191811216065,37.01326276009491,-19.40651988204255,-23.44866659229318
2002-08-30,27.51741062207993,37.4763333852994,-20.91691004896323,-23.39975820750583
2002-08-31,27.489349681601073,37.231794833308385,-20.826173790138288,-22.16394726854877
2002-09-01,26.826203656638306,37.801861435492356,-20.80001334705633,-23.147832973774612
2002-09-02,26.57661136805851,38.82673057912558,-20.343804417099776,-23.631280553047336
2002-09-03,26.30006909049056,38.978056185786976,-20.492147346108016,-23.356046884944
2002-09-04,28.05741886021475,38.20153543942564,-21.108869405837403,-22.88552792589189
2002-09-05,27.736502497155037,39.61509298536633,-22.508959064026385,-22.198988881108036
2002-09-06,28.2645504815951,39.08612483059394,-20.28124771406983,-23.04891052728206
2002-09-07,27.92283866004877,39.70494043236998,-20.95862375050127,-23.227830752745913
2002-09-08,26.616801910470244,39.23912340963192,-22.63845300840412,-23.351504135007694
2002-09-09,26.382828687668603,38.14577138582924,-23.982792943667782,-21.7358842750829
2002-09-10,28.022080842400687,38.38707213862762,-22.943191636899872,-24.223242278361596
2002-09-11,28.948393424730703,37.662922823227795,-23.470987142743677,-25.146803223753047
2002-09-12,29.533002318823304,34.963286931071636,-25.090292649800915,-24.734232457794718
2002-09-13,29.40618376953553,35.39067292983106,-22.498933377859792,-25.656410419009976
2002-09-14,30.029433445527822,37.632104339630146,-22.116653049693177,-26.320133273656317
2002-09-15,32.00618339697161,37.14301808701818,-21.41331065844683,-26.612274318711798
2002-09-16,32.69994943310481,38.60382093860828,-21.9188792613118,-26.982166251866406
2002-09-17,33.252992835746944,38.602764669790155,-20.611031652154704,-24.982514928912824
2002-09-18,33.1490957124329,37.33599523829113,-22.032653499412756,-24.664282566724776
2002-09-19,34.34524483222842,37.06700348774234,-21.396636550164843,-23.73148073190797
2002-09-20,34.30271612123233,36.66722397365729,-21.66323821661369,-24.042034932787605
2002-09-21,34.18247919713528,38.97328018118124,-20.91925511159497,-23.147682128241357
2002-09-22,33.49520432549913,39.821329989975936,-20.71100921151582,-22.828005069331905
2002-09-23,31.51114466260654,40.425218649766016,-20.89668996397267,-23.730520848236523
2002-09-24,31.31667358418797,40.07928553956567,-22.98639695418909,-23.4898121951349
2002-09-25,31.496349524725964,38.405804383895266,-23.734525880909857,-23.673503642718163
2002-09-26,31.756484755807513,38.45345801729037,-23.201171569126032,-24.809559259408566
